SGC Nucleo,Gestión de la calidad
SGC Estructura,Marcos y estructura
SGC Procesos,Procesos
SGC Gobierno,Gobierno de la calidad
SGC Auditoria,Auditoría
SGC Riesgos,Riesgos y obligaciones
Accion Mejora,Acción de mejora
Alerta Indicador,Alerta de indicador
Aplicacion Instrumento,Aplicación de instrumento
Auditoria,Auditoría
Autoevaluacion,Autoevaluación
Comite,Comité
Configuracion Correo,Configuración de correo
Documento Controlado,Documento controlado
Elemento Marco,Estándar o criterio
Ente Externo,Ente externo
Entrega Obligacion,Entrega de obligación
Escala Valoracion,Escala de valoración
Evaluacion Riesgo,Evaluación de riesgo
Ficha Caracterizacion Proceso,Ficha de caracterización
Ficha Indicador,Ficha de indicador
Fuente Dato,Fuente de datos
Grupo Interes,Grupo de interés
Hallazgo Auditoria,Hallazgo de auditoría
Informe Auditoria,Informe de auditoría
Informe Cumplimiento,Informe de cumplimiento
Interaccion Proceso,Interacción entre procesos
Lista Verificacion,Lista de verificación
Lote Ingesta,Lote de ingesta
Mapa Procesos,Mapa institucional
Marco Normativo,Marco normativo
Matriz Riesgo,Matriz de riesgo
No Conformidad,No conformidad
Objetivo Calidad,Objetivo de calidad
Obligacion Ente,Obligación ante ente
Periodo Academico,Periodo académico
Plan Mejora,Plan de mejora
Politica Calidad,Política de calidad
Programa Auditoria,Programa de auditoría
Programa Sede,Programa por sede
Registro Correo,Registro de correo
Regla Validacion,Regla de validación
Resultado Instrumento,Resultado de instrumento
Reunion,Reunión
Revision Direccion,Revisión por la dirección
Salida No Conforme,Salida no conforme
Tablero Indicadores,Tablero de indicadores
Termino Tesauro,Término del tesauro
Tratamiento Riesgo,Tratamiento de riesgo
Unidad Organica,Unidad orgánica
Valor Indicador,Valor de indicador
Valoracion Criterio,Valoración de criterio
Valoracion Estandar,Valoración de estándar
Accesos a Documentos,Accesos a documentos
Indicadores de Acreditacion,Indicadores de acreditación
Matriz de Riesgos,Matriz de riesgos
Mejoramiento Continuo,Mejoramiento continuo
Resultados de Auditoria,Resultados de auditoría
Salidas No Conformes,Salidas no conformes
Evento Riesgo,Evento de riesgo
